ID,Event,URL,Description
event_242_001,242,https://play.ttt.games/worlds/machi-saga/events/j9VPtm9_Q0Tv2Sjj8492givqq8S8Vrl60b41rD1iJ20/checkin,ネコパンチ - 使い切りURL #1
event_242_002,242,https://play.ttt.games/worlds/machi-saga/events/wRJa4vH7pBrsRVJqkV1Q72CMRK2qIkIok5R_IbANaVE/checkin,ネコパンチ - 使い切りURL #2
event_242_003,242,https://play.ttt.games/worlds/machi-saga/events/byjgXb5yJ3qmZ4wjVKyt91MOh0Xp3BfdwPAQ1Le318s/checkin,ネコパンチ - 使い切りURL #3
event_242_004,242,https://play.ttt.games/worlds/machi-saga/events/mWAwtoEJJ-WqNinfV9w-VXFbAkiip0eTvFZAZchmHos/checkin,ネコパンチ - 使い切りURL #4
event_242_005,242,https://play.ttt.games/worlds/machi-saga/events/4q2EX9xBlP1h5TXyq97b6AgL57cNPAlGygRnzXkJ1go/checkin,ネコパンチ - 使い切りURL #5
event_242_006,242,https://play.ttt.games/worlds/machi-saga/events/ra_5cmnPYciFxCQhth6C0Ry63Xgk5djU-SfR629tjfg/checkin,ネコパンチ - 使い切りURL #6
event_242_007,242,https://play.ttt.games/worlds/machi-saga/events/54qKEFSz84zn1T5gb6AFoQXcUKTJm2ZHUaRDF7vhvrg/checkin,ネコパンチ - 使い切りURL #7
event_242_008,242,https://play.ttt.games/worlds/machi-saga/events/T70r75L31QONfDuV7JAIi3gOSe3tTmBJA3ou9qQ44s0/checkin,ネコパンチ - 使い切りURL #8
event_242_009,242,https://play.ttt.games/worlds/machi-saga/events/yrbMIF6LYwH5B7On8miwsQmPN5R_ago7QfG8CDngjYQ/checkin,ネコパンチ - 使い切りURL #9
event_242_010,242,https://play.ttt.games/worlds/machi-saga/events/-412Tbh6Qt2cmTAtj7fu_XBpBLFaO-Wd41CzuDnOGI0/checkin,ネコパンチ - 使い切りURL #10
event_242_011,242,https://play.ttt.games/worlds/machi-saga/events/GsnNyOQxOEbDJHJVER3CHmoBJvuk4SMfV9fmLLqpahA/checkin,ネコパンチ - 使い切りURL #11
event_242_012,242,https://play.ttt.games/worlds/machi-saga/events/P-zenAh6CBBpBFB4_QX3Vus8D3TZUNAznB8SAwfCtU0/checkin,ネコパンチ - 使い切りURL #12
event_242_013,242,https://play.ttt.games/worlds/machi-saga/events/pt9eGWnOHaUIe3hX00HOPJv-P8_Zj8ruu7Ze2W2tgG4/checkin,ネコパンチ - 使い切りURL #13
event_242_014,242,https://play.ttt.games/worlds/machi-saga/events/OfQWxKZVsggffunNWiRGmSGCCZwmMlHBDDvaZRF_k2A/checkin,ネコパンチ - 使い切りURL #14
event_242_015,242,https://play.ttt.games/worlds/machi-saga/events/ZVwE_SPuNSfK8ZV4PULn89rNBSrPQAHI_X50UC8tTto/checkin,ネコパンチ - 使い切りURL #15
event_242_016,242,https://play.ttt.games/worlds/machi-saga/events/TH70I4qWHxcaIIOPTjMFhQvjT1Ojp13YrXJpPWXGFxs/checkin,ネコパンチ - 使い切りURL #16
event_242_017,242,https://play.ttt.games/worlds/machi-saga/events/hVwpsvj5LzXDyoeps-TlTYv2yyErhiuhWzf5Td6ACoY/checkin,ネコパンチ - 使い切りURL #17
event_242_018,242,https://play.ttt.games/worlds/machi-saga/events/HvbbOAW-MFb9B3C9HDZWIIS4w55a76JCfZy2ZLOILl8/checkin,ネコパンチ - 使い切りURL #18
event_242_019,242,https://play.ttt.games/worlds/machi-saga/events/CrN964H5ufKgkOq2JS_ch4cVrFwapmVMNLnZ5oVengc/checkin,ネコパンチ - 使い切りURL #19
event_242_020,242,https://play.ttt.games/worlds/machi-saga/events/6blNO0x32XBKtsxayGtNGV3sjOdMfCF_7VmqkyH7SWk/checkin,ネコパンチ - 使い切りURL #20
event_242_021,242,https://play.ttt.games/worlds/machi-saga/events/1IbamdKph-JsJD0-zUjxz8A63591k6NW5jGiFqFpRP4/checkin,ネコパンチ - 使い切りURL #21
event_242_022,242,https://play.ttt.games/worlds/machi-saga/events/ZphYieNRwophwx4tEuxLl6aoZ6yPGyI5rn0MJjtExmo/checkin,ネコパンチ - 使い切りURL #22
event_242_023,242,https://play.ttt.games/worlds/machi-saga/events/ZlkfeXdAzEzDwuLPi0P_xTNU4Z4KwW8l5yDjRTc20vg/checkin,ネコパンチ - 使い切りURL #23
event_242_024,242,https://play.ttt.games/worlds/machi-saga/events/JaF0VF80-RJLdKMe3oh8vrFVUlIb_oy-IDacckZkh5E/checkin,ネコパンチ - 使い切りURL #24
event_242_025,242,https://play.ttt.games/worlds/machi-saga/events/0dsMIZI4C1Se2ScUQR3Oj5zd6bIF6z5ms6b1QBwXjQY/checkin,ネコパンチ - 使い切りURL #25
event_242_026,242,https://play.ttt.games/worlds/machi-saga/events/1a9x_u52xjEfxZJEtQdASM3nwoX_yYaiBOP8zwpqo20/checkin,ネコパンチ - 使い切りURL #26
event_242_027,242,https://play.ttt.games/worlds/machi-saga/events/xI3xnmP4qrUzM0eBmkClw2eMHhVdkulC8sMLYNyPceA/checkin,ネコパンチ - 使い切りURL #27
event_242_028,242,https://play.ttt.games/worlds/machi-saga/events/DxJK2rAbKntmBAODSSBZiDdwgCvUR5jxtTEdH-f2K2w/checkin,ネコパンチ - 使い切りURL #28
event_242_029,242,https://play.ttt.games/worlds/machi-saga/events/-_tNA1rssgRun9MGrvzZCOS82R_3IyLAzIrgqBxLRR0/checkin,ネコパンチ - 使い切りURL #29
event_242_030,242,https://play.ttt.games/worlds/machi-saga/events/N2Wq7PnC2U2pc_0rbd_OU_P3n-7W32iWdxEO9kHoX4E/checkin,ネコパンチ - 使い切りURL #30
event_242_031,242,https://play.ttt.games/worlds/machi-saga/events/3sAqtvjqv8wXOzG51Q3QihcbCsQNf17C33XpnuSWn-8/checkin,ネコパンチ - 使い切りURL #31
event_242_032,242,https://play.ttt.games/worlds/machi-saga/events/QLK9jH0FcDgK40-_yJdUX0FmxLpDrLeePhsISFmxrww/checkin,ネコパンチ - 使い切りURL #32
event_242_033,242,https://play.ttt.games/worlds/machi-saga/events/HNXT4YE2UDUioP2qdET0gOjlt5pij9SL20tavC-MIdk/checkin,ネコパンチ - 使い切りURL #33
event_242_034,242,https://play.ttt.games/worlds/machi-saga/events/p1x58ovJp_x494pQXD5JO86wYqFKxUrhubMKOpSYyG8/checkin,ネコパンチ - 使い切りURL #34
event_242_035,242,https://play.ttt.games/worlds/machi-saga/events/jMavc-4vrAhlbmspH7dOS-cm6KLEn2TMJC9jL3qyS_U/checkin,ネコパンチ - 使い切りURL #35
event_242_036,242,https://play.ttt.games/worlds/machi-saga/events/YNJhb3Bq4v9zwYpthkm99Kw25EqNAEWdrnb6xCdR_DU/checkin,ネコパンチ - 使い切りURL #36
event_242_037,242,https://play.ttt.games/worlds/machi-saga/events/pCXSg85_MfM6Jp89mCKmYXgPNNALIs8-YIH2MEVoUbI/checkin,ネコパンチ - 使い切りURL #37
event_242_038,242,https://play.ttt.games/worlds/machi-saga/events/TurDU5zV8lNKhzmR85l4IMhTy3EPA5jY5pO5H8fq0Xk/checkin,ネコパンチ - 使い切りURL #38
event_242_039,242,https://play.ttt.games/worlds/machi-saga/events/LHpwD0Km5eleevZc7IOnkzHcBwMajVQ54ycXC8jTBtI/checkin,ネコパンチ - 使い切りURL #39
event_242_040,242,https://play.ttt.games/worlds/machi-saga/events/iBujZDJtmMBBN9b421082XJjSHEMzXj5qbJh3UGlVEA/checkin,ネコパンチ - 使い切りURL #40
event_242_041,242,https://play.ttt.games/worlds/machi-saga/events/8WqHabqYmdH6J9wKmuLua-GmYfU5q_vxbG8WdbmCqdM/checkin,ネコパンチ - 使い切りURL #41
event_242_042,242,https://play.ttt.games/worlds/machi-saga/events/4qcs1oZQ0iDZ3teEEqFGctyaCLcs21_KXuxEBSI_s8k/checkin,ネコパンチ - 使い切りURL #42
event_242_043,242,https://play.ttt.games/worlds/machi-saga/events/W64FRxrmo5yKf-FzznlCfXGUkrBUMw7tZA20wasyOq4/checkin,ネコパンチ - 使い切りURL #43
event_242_044,242,https://play.ttt.games/worlds/machi-saga/events/8BYsReMsNlgDJ_dh5lHqCOSntG5KduDlucJRC12wgI8/checkin,ネコパンチ - 使い切りURL #44
event_242_045,242,https://play.ttt.games/worlds/machi-saga/events/cFhkaVh-VpRUvIfFH7akW8pDR_ab5M8SYsQCqWNF84M/checkin,ネコパンチ - 使い切りURL #45
event_242_046,242,https://play.ttt.games/worlds/machi-saga/events/DhS-RMCfJcaqaGAA4v36QgggDFRmWDFWH8LOhHmHa14/checkin,ネコパンチ - 使い切りURL #46
event_242_047,242,https://play.ttt.games/worlds/machi-saga/events/1eU7P16FeCPDwxCQk3Dy27lXaWzsoiUJV47t9V6IQC8/checkin,ネコパンチ - 使い切りURL #47
event_242_048,242,https://play.ttt.games/worlds/machi-saga/events/NcawStq8Ll6mYtp3TB-Ng5lcaNShVOLwJJxYOlNYACo/checkin,ネコパンチ - 使い切りURL #48
event_243_001,243,https://play.ttt.games/worlds/machi-saga/events/TTfUlHCrBrQ929-Na4CLWbFOBa-zUtJ9s5qnAnnRjKM/checkin,メガローキック - 使い切りURL #1
event_243_002,243,https://play.ttt.games/worlds/machi-saga/events/94tHkuS2xIgr-EsjbIqDi10uriUv1kJ8Yv2qxLkUIhw/checkin,メガローキック - 使い切りURL #2
event_243_003,243,https://play.ttt.games/worlds/machi-saga/events/l908XcO6dR61uReAQsjsrYQKvhk_BLYmzQUYvNAiIDA/checkin,メガローキック - 使い切りURL #3
event_243_004,243,https://play.ttt.games/worlds/machi-saga/events/zDPyC-3-F861UWgAiyXSvNfi23CFpVfXKVFg27d_FHc/checkin,メガローキック - 使い切りURL #4
event_243_005,243,https://play.ttt.games/worlds/machi-saga/events/wh91LRazsEYnK_dQm92HkaACyJ7G8xxmND0KssxaRvI/checkin,メガローキック - 使い切りURL #5
event_243_006,243,https://play.ttt.games/worlds/machi-saga/events/vgZgfcjy3Z3b4wXveAtXTk9pCn0AoyCmMfR_nyMIqy0/checkin,メガローキック - 使い切りURL #6
event_243_007,243,https://play.ttt.games/worlds/machi-saga/events/cAeUEIi5YUSkujdkej6ypbBOGdP9fSgYlQZ0SviwPU8/checkin,メガローキック - 使い切りURL #7
event_243_008,243,https://play.ttt.games/worlds/machi-saga/events/Ws0qhk-C0pnF-X4V6bPPw-7DgyAKp6Cu6Ryr7hfU7rw/checkin,メガローキック - 使い切りURL #8
event_243_009,243,https://play.ttt.games/worlds/machi-saga/events/Altje4cwPr664_zxZaz0wUxlO6woSlWAutLjNoIZMB0/checkin,メガローキック - 使い切りURL #9
event_243_010,243,https://play.ttt.games/worlds/machi-saga/events/ND764qvi-LcrvRDMPSLNB_L-XgcG4FWzBmbr9HCyS9c/checkin,メガローキック - 使い切りURL #10
event_243_011,243,https://play.ttt.games/worlds/machi-saga/events/-kKNlXG-IEEHekCyP9Ab-TH6IfcDlW9BoVMEC-7MBQE/checkin,メガローキック - 使い切りURL #11
event_243_012,243,https://play.ttt.games/worlds/machi-saga/events/qxRBmu4Df7Urvf_rmoDsjwZcH68Nir6fax1wuK0UF0U/checkin,メガローキック - 使い切りURL #12
event_243_013,243,https://play.ttt.games/worlds/machi-saga/events/8ESMqBUnXxl17FPa9dYznJsS8SXjmW8KTZYqFZquwGg/checkin,メガローキック - 使い切りURL #13
event_243_014,243,https://play.ttt.games/worlds/machi-saga/events/Vr-KY4M-vcEfmJsz2BEgL5QRd6IcJZflkjaTqZOx90Y/checkin,メガローキック - 使い切りURL #14
event_243_015,243,https://play.ttt.games/worlds/machi-saga/events/ESLe4mUQQdCt62kT38-1nGuO15CwjZsJP5yvPYllChM/checkin,メガローキック - 使い切りURL #15
event_243_016,243,https://play.ttt.games/worlds/machi-saga/events/PhqmVpC2nFlBgfGLpi-Fl5tRvth-MveuVp_p2cUlyEY/checkin,メガローキック - 使い切りURL #16
event_243_017,243,https://play.ttt.games/worlds/machi-saga/events/MK8kFEPKCGlJXvEDXEdoVnKr_xqmpXdqwNLu21xsXT4/checkin,メガローキック - 使い切りURL #17
event_243_018,243,https://play.ttt.games/worlds/machi-saga/events/V0XNgC6kbEX4lx509rAYED-Tit5YNWp_gl47Jzv9dRE/checkin,メガローキック - 使い切りURL #18
event_243_019,243,https://play.ttt.games/worlds/machi-saga/events/9ryM39Oa1cvE_Q3QiwobYHeiZez6fSreEbeBec7gZgY/checkin,メガローキック - 使い切りURL #19
event_243_020,243,https://play.ttt.games/worlds/machi-saga/events/JbEu7QtZkFjaKZSf0XGTsGVBgmgyQVJgu1FUr76OHFs/checkin,メガローキック - 使い切りURL #20
event_243_021,243,https://play.ttt.games/worlds/machi-saga/events/oBj8zkmVLoUjXhE9DEJtU441Ph8Fcm3rGnMw-mV71MI/checkin,メガローキック - 使い切りURL #21
event_243_022,243,https://play.ttt.games/worlds/machi-saga/events/JGFNNOX6MPrOA9CK5AWcEXJG-4_Qtiu_7GO4SmMLZ8k/checkin,メガローキック - 使い切りURL #22
event_243_023,243,https://play.ttt.games/worlds/machi-saga/events/sc9DAf5qc7VM9iNvaMlEfg8jdCl_xsAQTzWPBxhRqVk/checkin,メガローキック - 使い切りURL #23
event_243_024,243,https://play.ttt.games/worlds/machi-saga/events/E5djeT6NsBPXkizwDdfMbBH-QSF8xiZV2_iIcoVnC2M/checkin,メガローキック - 使い切りURL #24
event_243_025,243,https://play.ttt.games/worlds/machi-saga/events/cZbUyVLT07wsPYawroM0e1Q6jxfyvuD35Gg7MmcLhvo/checkin,メガローキック - 使い切りURL #25
event_243_026,243,https://play.ttt.games/worlds/machi-saga/events/zgL7tbsmWuzkyIbd87YML5HRw_K1gQVQtGe7UHx2Hj8/checkin,メガローキック - 使い切りURL #26
event_243_027,243,https://play.ttt.games/worlds/machi-saga/events/AIcQ3mIdvsol9u-X6s7mPK0Zyk09HBPHINUaiEMROyM/checkin,メガローキック - 使い切りURL #27
event_243_028,243,https://play.ttt.games/worlds/machi-saga/events/j1WMo6w1ahMRupCryyzJPJaDxu1RVxQZTzFRq1Y6OWY/checkin,メガローキック - 使い切りURL #28
event_243_029,243,https://play.ttt.games/worlds/machi-saga/events/yQtGqrC5Cq6ax58kgL8YKLAsP6x9MImngBcVrkq1a64/checkin,メガローキック - 使い切りURL #29
event_243_030,243,https://play.ttt.games/worlds/machi-saga/events/VvKv6FHkhtiF5bHI_xqDj1ReM1S4zxxNT3YAcFg1Xlw/checkin,メガローキック - 使い切りURL #30
event_243_031,243,https://play.ttt.games/worlds/machi-saga/events/oR0CgpW77uAyFwufc3IBbJ7vZjC-lLKsa1vecvAD_Cc/checkin,メガローキック - 使い切りURL #31
event_243_032,243,https://play.ttt.games/worlds/machi-saga/events/ZsJGhvKXylRAap1s7IcByRjUFgTWZOd1mYjzWmLGXh4/checkin,メガローキック - 使い切りURL #32
event_243_033,243,https://play.ttt.games/worlds/machi-saga/events/K4F_0QvX8AIvHDlM7lJsyn-O-MDq6_TfWofScYLyeb4/checkin,メガローキック - 使い切りURL #33
event_243_034,243,https://play.ttt.games/worlds/machi-saga/events/6EFFItf3knbKMLMm34N0FmJ4AfzIUATJnd6_7F_nX3k/checkin,メガローキック - 使い切りURL #34
event_243_035,243,https://play.ttt.games/worlds/machi-saga/events/rYRU0aaejPdF3R6Oed1HKvyC8AQpAtCIoPXP7ZqaDYs/checkin,メガローキック - 使い切りURL #35
event_243_036,243,https://play.ttt.games/worlds/machi-saga/events/nhxyE7fwZ-n_utzeXoiHbGIJSW41RZupdADas-yScF8/checkin,メガローキック - 使い切りURL #36
event_243_037,243,https://play.ttt.games/worlds/machi-saga/events/cdx5eak3dAasKwS-lVqmTfF0NY2hfFFcoAXr3kiKQDg/checkin,メガローキック - 使い切りURL #37
event_243_038,243,https://play.ttt.games/worlds/machi-saga/events/iYdUqep66e-VyeNWR4CP50sP2c_iOFbdNtKd4A-Na64/checkin,メガローキック - 使い切りURL #38
event_243_039,243,https://play.ttt.games/worlds/machi-saga/events/cdLBHVS5gyxcdlhVsnnU1VsNMnu59vQuPIAirOz-kmE/checkin,メガローキック - 使い切りURL #39
event_243_040,243,https://play.ttt.games/worlds/machi-saga/events/-DogCqFgiIs-nssrOYVEXs5UIhX-80ED5-lmOwOeRoY/checkin,メガローキック - 使い切りURL #40
event_243_041,243,https://play.ttt.games/worlds/machi-saga/events/wQLjcAH-Y_a4uMrySGAun8tva9yvUVh9IPRc0AOtmgU/checkin,メガローキック - 使い切りURL #41
event_243_042,243,https://play.ttt.games/worlds/machi-saga/events/-b-pbGLAU6oZjz8ozyLk-Pd8djuUUAnlxh2yFOjef2U/checkin,メガローキック - 使い切りURL #42
event_243_043,243,https://play.ttt.games/worlds/machi-saga/events/Les41QaYn9qPkbEIWE4bcO3qf0_j1_WXitu5UJ8lN0g/checkin,メガローキック - 使い切りURL #43
event_243_044,243,https://play.ttt.games/worlds/machi-saga/events/dUo9gBs3idrNNorbWx1TC5bcLQ-pB6GEMM9kgTHEGzU/checkin,メガローキック - 使い切りURL #44
event_243_045,243,https://play.ttt.games/worlds/machi-saga/events/nkXDFPNe61MkN4blxwEgJPke_89v870RRvylzsTix7o/checkin,メガローキック - 使い切りURL #45
event_243_046,243,https://play.ttt.games/worlds/machi-saga/events/7Ywr7H9Plnh4g174F9hPblN_tj_pngBGGzlVV-1D-os/checkin,メガローキック - 使い切りURL #46
event_243_047,243,https://play.ttt.games/worlds/machi-saga/events/L5_2FVK4A_qkySEUJV0HUsg4-MNG9HxFoxHioepRQ5c/checkin,メガローキック - 使い切りURL #47
event_243_048,243,https://play.ttt.games/worlds/machi-saga/events/ZUWwAH-VhVtupyZOQPwlSIamKKE7VaPvsY40IILnOYo/checkin,メガローキック - 使い切りURL #48
event_244_001,244,https://play.ttt.games/worlds/machi-saga/events/4_WPhZN_NO0mshcySSEgVk5CoAgN7Upcva04dH4eLcI/checkin,ギガドヤストライク - 使い切りURL #1
event_244_002,244,https://play.ttt.games/worlds/machi-saga/events/sJwerQwWkgUsrZVHHeIHblg8IuqzQoads5Inh-JqMPw/checkin,ギガドヤストライク - 使い切りURL #2
event_244_003,244,https://play.ttt.games/worlds/machi-saga/events/0LghRIvi0wrVZCMOCYdi16FuVy7JaOM4npKqRy3O5LM/checkin,ギガドヤストライク - 使い切りURL #3
event_244_004,244,https://play.ttt.games/worlds/machi-saga/events/TdYLMo5w3f-ckKw7oZvi9xIUkmw_hJPxwvarBcNMd7Y/checkin,ギガドヤストライク - 使い切りURL #4
event_244_005,244,https://play.ttt.games/worlds/machi-saga/events/jtZnP8zVR3nlWcwYXeVI4WooWKTYCubS43AmW6WJuBY/checkin,ギガドヤストライク - 使い切りURL #5
event_244_006,244,https://play.ttt.games/worlds/machi-saga/events/tQvY1yB2gRekURcFXmrMMJO9B-LKR2LMIvQj0zA4Z5g/checkin,ギガドヤストライク - 使い切りURL #6
event_244_007,244,https://play.ttt.games/worlds/machi-saga/events/eGG6N6elbd0FEo3zEEiRmIha2blVj-6JUkkVEnq8WJA/checkin,ギガドヤストライク - 使い切りURL #7
event_244_008,244,https://play.ttt.games/worlds/machi-saga/events/WW2xX0I3EBgYTkvBReJS4yYa45P4aj8I1NSY0w_D6Ic/checkin,ギガドヤストライク - 使い切りURL #8
event_244_009,244,https://play.ttt.games/worlds/machi-saga/events/9-QGpPHdjJ6NfpvfzYUxHUGyzHsOLZATt0x44PHahp8/checkin,ギガドヤストライク - 使い切りURL #9
event_244_010,244,https://play.ttt.games/worlds/machi-saga/events/zRcP-0e3T-kjEzD-DwyNzqlCtvgk0FZ0IQvoELNmKHU/checkin,ギガドヤストライク - 使い切りURL #10
event_244_011,244,https://play.ttt.games/worlds/machi-saga/events/OeELqAJCc7rRIjdFexj2J_HM32sAQzMBhUiZPjqzs90/checkin,ギガドヤストライク - 使い切りURL #11
event_244_012,244,https://play.ttt.games/worlds/machi-saga/events/iWg4zH1MmdFTAYLyWL40w3ejpPvOb79_SnUxTkAFSV8/checkin,ギガドヤストライク - 使い切りURL #12
event_244_013,244,https://play.ttt.games/worlds/machi-saga/events/sGjJpmUwwn4nNShBruvVTWkjspdG5jhvavYfXdNT_K4/checkin,ギガドヤストライク - 使い切りURL #13
event_244_014,244,https://play.ttt.games/worlds/machi-saga/events/Si4Qf54lz-m89Zb2Yi0Jda02VljigW4w6Oa9GYKxeq8/checkin,ギガドヤストライク - 使い切りURL #14
event_244_015,244,https://play.ttt.games/worlds/machi-saga/events/1qC9GA9O2-vK-yiQiEOu2rzgmaiBss0mQRUi79gxv8Q/checkin,ギガドヤストライク - 使い切りURL #15
event_244_016,244,https://play.ttt.games/worlds/machi-saga/events/J79cNzN-6LchSG1xoNiHCxExEJ4T_P4FN0aMlRR9Uuk/checkin,ギガドヤストライク - 使い切りURL #16
event_244_017,244,https://play.ttt.games/worlds/machi-saga/events/kPVh9H0KlMVNwaeyDohLUSEVcpg6ck2b09WIf5qDGZA/checkin,ギガドヤストライク - 使い切りURL #17
event_244_018,244,https://play.ttt.games/worlds/machi-saga/events/HaP06Vlel2sep5n_3lcN1-g3YTxrdNoAjH5scpWyxSw/checkin,ギガドヤストライク - 使い切りURL #18
event_244_019,244,https://play.ttt.games/worlds/machi-saga/events/FDjM0OjEJw90YGG37BPVmxCeCKPSmDLE60hUf_Y9ig8/checkin,ギガドヤストライク - 使い切りURL #19
event_244_020,244,https://play.ttt.games/worlds/machi-saga/events/mV_i7R8KrCVFDS9ECaKX-okzh37G6E8UpepazUJB7E4/checkin,ギガドヤストライク - 使い切りURL #20
event_244_021,244,https://play.ttt.games/worlds/machi-saga/events/9VAqlN1Zdpwu4mPRuO9CUZ0GmG_M0uhdn8e2nDdD01I/checkin,ギガドヤストライク - 使い切りURL #21
event_244_022,244,https://play.ttt.games/worlds/machi-saga/events/v6KGosux0BATTP3IjjcYdOWQNE-4KUUc3Ak8wAoFqGY/checkin,ギガドヤストライク - 使い切りURL #22
event_244_023,244,https://play.ttt.games/worlds/machi-saga/events/a5gk30qcnT1T1CuqYefwD20_Llu125wOwpQZ1F7ANUk/checkin,ギガドヤストライク - 使い切りURL #23
event_244_024,244,https://play.ttt.games/worlds/machi-saga/events/CgHZqxaFkI4aUoKpwZTPyzr3xNJDuG4iW_W49_x131U/checkin,ギガドヤストライク - 使い切りURL #24
event_244_025,244,https://play.ttt.games/worlds/machi-saga/events/m9MWiyX6gjwvd-r3CX5YFlkeyivpd3QVHyUmbbOQLfE/checkin,ギガドヤストライク - 使い切りURL #25
event_244_026,244,https://play.ttt.games/worlds/machi-saga/events/nzwCW-NOoJnNAbfULB8tb5Xk58bdysRByZPYomTxS1s/checkin,ギガドヤストライク - 使い切りURL #26
event_244_027,244,https://play.ttt.games/worlds/machi-saga/events/ozREWDLvyf6HjRUoLJTz-ThRzbWYmdrFai2XrScgK0o/checkin,ギガドヤストライク - 使い切りURL #27
event_244_028,244,https://play.ttt.games/worlds/machi-saga/events/GLweYCx9TVNryi-Df9dVRm4HhmM2EGJwocu6hL6U77s/checkin,ギガドヤストライク - 使い切りURL #28
event_244_029,244,https://play.ttt.games/worlds/machi-saga/events/k_9PgheyMtQkXzFUaraXMSlxT3he2xpzYa6uql_bKoE/checkin,ギガドヤストライク - 使い切りURL #29
event_244_030,244,https://play.ttt.games/worlds/machi-saga/events/ZW1HKLrYh6wq7mZHcJeUWqeJQK7vlWppxC4EUhZyasI/checkin,ギガドヤストライク - 使い切りURL #30
event_244_031,244,https://play.ttt.games/worlds/machi-saga/events/I9VqRVlOBB41DSNYAdy0NZeIuYWIkEJ-VGECly4VrzI/checkin,ギガドヤストライク - 使い切りURL #31
event_244_032,244,https://play.ttt.games/worlds/machi-saga/events/G1hxBohaDVEh7I0eOTGFy-Qk07g4b3ZtVr8yqmElooA/checkin,ギガドヤストライク - 使い切りURL #32
event_244_033,244,https://play.ttt.games/worlds/machi-saga/events/bw6PPDunAHjzF1z4Iui8_CAwPS8kmWsGawC6apdCZtA/checkin,ギガドヤストライク - 使い切りURL #33
event_244_034,244,https://play.ttt.games/worlds/machi-saga/events/yDmOa6PqjLDLWkx3lgJFGVgq9wY1Fy9Xph0b3h6kKr4/checkin,ギガドヤストライク - 使い切りURL #34
event_244_035,244,https://play.ttt.games/worlds/machi-saga/events/NXS-ewvlLGqii898cpJXDfVaDzd9dH_Ueacr2z-NMMQ/checkin,ギガドヤストライク - 使い切りURL #35
event_244_036,244,https://play.ttt.games/worlds/machi-saga/events/cCTstDLQPg1prYeuR74C-bF140x-76gRnqOT95vbOEQ/checkin,ギガドヤストライク - 使い切りURL #36
event_244_037,244,https://play.ttt.games/worlds/machi-saga/events/u8I123jLX9IrW5N_XAceNiFWZxYy2b88_vYwD0ZCEgw/checkin,ギガドヤストライク - 使い切りURL #37
event_244_038,244,https://play.ttt.games/worlds/machi-saga/events/eKvP_NyDnf3Luj-HRs2ZvG45QE7JQ6nbQHe-JgG1loM/checkin,ギガドヤストライク - 使い切りURL #38
event_244_039,244,https://play.ttt.games/worlds/machi-saga/events/Rc3kTODbVgVS2u-zxQtMOHqkVEGdizcY7wJnA40wzic/checkin,ギガドヤストライク - 使い切りURL #39
event_244_040,244,https://play.ttt.games/worlds/machi-saga/events/ALXzMoPhv8ZtT_vRZOzUwQcGS75y-B6iGa0CpfqAtOI/checkin,ギガドヤストライク - 使い切りURL #40
event_244_041,244,https://play.ttt.games/worlds/machi-saga/events/UNVscj6kKP_hxIKDSp_Ir9AywN1xOsYBhICJ_CkAHlI/checkin,ギガドヤストライク - 使い切りURL #41
event_244_042,244,https://play.ttt.games/worlds/machi-saga/events/xRfHchqMmIS3YYwA_KpYMojUwer06emtyNCVoREkHe8/checkin,ギガドヤストライク - 使い切りURL #42
event_244_043,244,https://play.ttt.games/worlds/machi-saga/events/1vRztGqb-qURunn-LBcBF5K5lKiG8d0-thaU8WDRDG8/checkin,ギガドヤストライク - 使い切りURL #43
event_244_044,244,https://play.ttt.games/worlds/machi-saga/events/LOhbs21ZUFYDMti2htqv9sHm4YRewlqw3JuZ_1Kx_Cg/checkin,ギガドヤストライク - 使い切りURL #44
event_244_045,244,https://play.ttt.games/worlds/machi-saga/events/uihIEHlrCJHuY32N8lqqEzYwBuLomJFOG55Min7Ah18/checkin,ギガドヤストライク - 使い切りURL #45
event_244_046,244,https://play.ttt.games/worlds/machi-saga/events/Ti1N0VZQWEg8nwDRiAOYEEGzlI027JHdGag1az0kmoE/checkin,ギガドヤストライク - 使い切りURL #46
event_244_047,244,https://play.ttt.games/worlds/machi-saga/events/oiPnaWgqxT4-PGoUfIB6HwMNZo3I-VAnUovIJ2VnCtQ/checkin,ギガドヤストライク - 使い切りURL #47
event_244_048,244,https://play.ttt.games/worlds/machi-saga/events/EiJVXuE5_JhcqIpHd8tCXOIIpmtrs2HTz47XAkrLUfM/checkin,ギガドヤストライク - 使い切りURL #48
event_245_001,245,https://play.ttt.games/worlds/machi-saga/events/nOXD8cDyZ0L9wzX_CL16hxzwMx8wltshYPbizPSXqQM/checkin,テラオーバーキル - 使い切りURL #1
event_245_002,245,https://play.ttt.games/worlds/machi-saga/events/W85caEK1V05gh9Zu-dO8I_YDmYw_0s1tn-Ln_Y6DUvU/checkin,テラオーバーキル - 使い切りURL #2
event_245_003,245,https://play.ttt.games/worlds/machi-saga/events/ijjpMZPvI6UcQH1fRS2FSzTkTJLM8v28u7angTaroIo/checkin,テラオーバーキル - 使い切りURL #3
event_245_004,245,https://play.ttt.games/worlds/machi-saga/events/o2wzFs3aYv3NKYIwCb_zv4hxoQfCB1WVsUcdqXhp_HE/checkin,テラオーバーキル - 使い切りURL #4
event_245_005,245,https://play.ttt.games/worlds/machi-saga/events/mT2FaJ86Cicn_VhvgivTQvCX3LAyPSMpSQGi-tbY5j0/checkin,テラオーバーキル - 使い切りURL #5
event_245_006,245,https://play.ttt.games/worlds/machi-saga/events/kAEw5AXSoLpLLv3W9Gl-o6sOGoxjScGE2XkUwy0g0fQ/checkin,テラオーバーキル - 使い切りURL #6
event_245_007,245,https://play.ttt.games/worlds/machi-saga/events/EkZxMuRZwPnR9GoStXlA77PYti7uM8crIVFEzQR3MwE/checkin,テラオーバーキル - 使い切りURL #7
event_245_008,245,https://play.ttt.games/worlds/machi-saga/events/p4MsSmB_211xfPD-qes3pXLN-3h2dqXRWF3YUEInf08/checkin,テラオーバーキル - 使い切りURL #8
event_245_009,245,https://play.ttt.games/worlds/machi-saga/events/Ps5N1ShI1Bpq0qX9awgE8bv_G4QNazkz-ML_h35vKfc/checkin,テラオーバーキル - 使い切りURL #9
event_245_010,245,https://play.ttt.games/worlds/machi-saga/events/icT3NsW82-a7P7D-d4QeRfnzdPbcurwjb6T8meSYV8c/checkin,テラオーバーキル - 使い切りURL #10
event_245_011,245,https://play.ttt.games/worlds/machi-saga/events/3PTT-Uv4hjb2y_3EyZFSeAMIh3MEck53Nd1StT0Oavs/checkin,テラオーバーキル - 使い切りURL #11
event_245_012,245,https://play.ttt.games/worlds/machi-saga/events/hoQ0f2zK7hg_-yOUXvZ5jvUs6T9uRzwjWQbmnX-w8D0/checkin,テラオーバーキル - 使い切りURL #12
event_245_013,245,https://play.ttt.games/worlds/machi-saga/events/MyIJXQzwVjxic3i7A_TBJHyWNp1Rtx1bAlGuTjJ1V04/checkin,テラオーバーキル - 使い切りURL #13
event_245_014,245,https://play.ttt.games/worlds/machi-saga/events/wS_Rk6rruHa6M-7tqu92GCdaJOst_3HVQlk9Ig3uuoE/checkin,テラオーバーキル - 使い切りURL #14
event_245_015,245,https://play.ttt.games/worlds/machi-saga/events/9XJCYWsjZSJY-CARtOFgx7dvPh23DxhZsQtZffypAhU/checkin,テラオーバーキル - 使い切りURL #15
event_245_016,245,https://play.ttt.games/worlds/machi-saga/events/2Pv30RTP844m5jPtMhSDCb2yXMP8-A5k_WK19CjHzfA/checkin,テラオーバーキル - 使い切りURL #16
event_245_017,245,https://play.ttt.games/worlds/machi-saga/events/g-3BsmRIy5dG1UE8sUaYEF33uTWtE5_x_XElSGnXV6A/checkin,テラオーバーキル - 使い切りURL #17
event_245_018,245,https://play.ttt.games/worlds/machi-saga/events/JJRYnPb9xXESChdPDsPC4ZnEkAeUHlwW2J9I8p3yugE/checkin,テラオーバーキル - 使い切りURL #18
event_245_019,245,https://play.ttt.games/worlds/machi-saga/events/2mM2hIW7PD_g1jTaUFKK650suVT6rV7RcOkofPsnBIg/checkin,テラオーバーキル - 使い切りURL #19
event_245_020,245,https://play.ttt.games/worlds/machi-saga/events/mYGoOhgw7ezpyin5xJuAG4Tg4HW10karInqA0_xBIm8/checkin,テラオーバーキル - 使い切りURL #20
event_245_021,245,https://play.ttt.games/worlds/machi-saga/events/ecjBHyUjSbLH885camyYDzLtMr6Q-_SCHSy4bTjLD94/checkin,テラオーバーキル - 使い切りURL #21
event_245_022,245,https://play.ttt.games/worlds/machi-saga/events/G-Qnckv-q_VLPwUjJYWOw6uJo6NincNsEo_e7Wl8kWY/checkin,テラオーバーキル - 使い切りURL #22
event_245_023,245,https://play.ttt.games/worlds/machi-saga/events/18sOhVI5WJYnKBYbiDuZy9UaEkwr5v5jB---zIjS3T0/checkin,テラオーバーキル - 使い切りURL #23
event_245_024,245,https://play.ttt.games/worlds/machi-saga/events/Ikyc3M6DXH7HX7el-9nV94uuJgG_Necw38ijxDN7F20/checkin,テラオーバーキル - 使い切りURL #24
event_245_025,245,https://play.ttt.games/worlds/machi-saga/events/lVUyjueFVwN6IBzR5rWUzMIi6XOM3jQ2mjT8UpPrPB4/checkin,テラオーバーキル - 使い切りURL #25
event_245_026,245,https://play.ttt.games/worlds/machi-saga/events/IK-Kx03Kfn8aylqroPlqyy9ByxV6FruYBvkxksWdMpM/checkin,テラオーバーキル - 使い切りURL #26
event_245_027,245,https://play.ttt.games/worlds/machi-saga/events/nxLDavDtslPAzTJyhDh3vyCGIzdO_z6YP-DjCYwzuis/checkin,テラオーバーキル - 使い切りURL #27
event_245_028,245,https://play.ttt.games/worlds/machi-saga/events/VfdXHGnkwfZV5znl_jrnNiTOc-3ep3Z6QKuPJfFS4Ao/checkin,テラオーバーキル - 使い切りURL #28
event_245_029,245,https://play.ttt.games/worlds/machi-saga/events/H9qYgfi8wkIpPkYLxsnzcPONdZXsKq6h0LVktEc8Hko/checkin,テラオーバーキル - 使い切りURL #29
event_245_030,245,https://play.ttt.games/worlds/machi-saga/events/qMZ0AnZ5gbcPsPt_6l176kt9XT-OPr5lYr9QhdChApM/checkin,テラオーバーキル - 使い切りURL #30
event_245_031,245,https://play.ttt.games/worlds/machi-saga/events/v3XtaD70z9eh8v7GJjumCqBXpHwXjGMn9gnjDAJtllc/checkin,テラオーバーキル - 使い切りURL #31
event_245_032,245,https://play.ttt.games/worlds/machi-saga/events/fctFM4dA5FSyzWN5Ef3bypDKucVfm-lZuYUUL5joqL8/checkin,テラオーバーキル - 使い切りURL #32
event_245_033,245,https://play.ttt.games/worlds/machi-saga/events/UgDLL4FGobd3ZLRA233vmxjP28tyzvAY-5yw25P1e5E/checkin,テラオーバーキル - 使い切りURL #33
event_245_034,245,https://play.ttt.games/worlds/machi-saga/events/km0qVQVXjanxFhPBZJVqV3Y6vjtw7R5-Cukh8_-TZW8/checkin,テラオーバーキル - 使い切りURL #34
event_245_035,245,https://play.ttt.games/worlds/machi-saga/events/YnAihiHJDPDDijGocVk5fZssZzZIMK31oAgId8NjkqQ/checkin,テラオーバーキル - 使い切りURL #35
event_245_036,245,https://play.ttt.games/worlds/machi-saga/events/w5pUMxaNv2AUP-9xGIJ_HxbNF1BXY9T6i80HIvKnOG8/checkin,テラオーバーキル - 使い切りURL #36
event_245_037,245,https://play.ttt.games/worlds/machi-saga/events/meEuk-r1vuq1fXlKgVOpXvVf87TPa7bPoOtBzCzG4kQ/checkin,テラオーバーキル - 使い切りURL #37
event_245_038,245,https://play.ttt.games/worlds/machi-saga/events/ovr483mJMG7Un8wA_HjeSR6SRRgcyhGKbLoobSz5Xi8/checkin,テラオーバーキル - 使い切りURL #38
event_245_039,245,https://play.ttt.games/worlds/machi-saga/events/4wYlljB2ufvppzsCP1D3BwTSBbT_IbHflmatqhjfkz8/checkin,テラオーバーキル - 使い切りURL #39
event_245_040,245,https://play.ttt.games/worlds/machi-saga/events/nEAtvQOq6HnYQHGVIQ6Qinj3YwW65yZ2IwdBrHxaCtQ/checkin,テラオーバーキル - 使い切りURL #40
event_245_041,245,https://play.ttt.games/worlds/machi-saga/events/pT6aXS7V9Vr-IGLpluDzpyEWLkqknu7Vn9Pyy7bnGMI/checkin,テラオーバーキル - 使い切りURL #41
event_245_042,245,https://play.ttt.games/worlds/machi-saga/events/O9UseSLyxQIfdGJrTAsVIGU0BO2G2dHwl20i107rGVg/checkin,テラオーバーキル - 使い切りURL #42
event_245_043,245,https://play.ttt.games/worlds/machi-saga/events/5-Vs_F5El32uUH6Dr5uw28y7bT6MlwEQtCzTm5wiuSw/checkin,テラオーバーキル - 使い切りURL #43
event_245_044,245,https://play.ttt.games/worlds/machi-saga/events/LT27KIGuhhHXn0iLG1EnP79w_guoCVT2ceWLQfeA3fk/checkin,テラオーバーキル - 使い切りURL #44
event_245_045,245,https://play.ttt.games/worlds/machi-saga/events/zRRjkODX8GvjNkIew1S_zH4c0r8KvHMm7SXRYYoayR8/checkin,テラオーバーキル - 使い切りURL #45
event_245_046,245,https://play.ttt.games/worlds/machi-saga/events/6TWfPHRTWkGOIJ7OaKzChE4JiNWDhCFBkX9VuvAtD_Q/checkin,テラオーバーキル - 使い切りURL #46
event_245_047,245,https://play.ttt.games/worlds/machi-saga/events/F7wzgSWOHhWMxOrY6ijUobdjw_IJ4l60hq2-orW9ATM/checkin,テラオーバーキル - 使い切りURL #47
event_245_048,245,https://play.ttt.games/worlds/machi-saga/events/HgSpdiyRxbUTrESNB0m9QEvXTNz3tzLW661WzaZUE3s/checkin,テラオーバーキル - 使い切りURL #48
event_246_001,246,https://play.ttt.games/worlds/machi-saga/events/LzvZSh7e96OnU5gJGl-iucwtY_7V2e1stPrLJTPN3cI/checkin,ペタインパクト　MUGEN - 使い切りURL #1
event_246_002,246,https://play.ttt.games/worlds/machi-saga/events/3EvREZ3i3tjxw_t-g5DzbUMSCsDR7P1RWQxPT0Cd3Vc/checkin,ペタインパクト　MUGEN - 使い切りURL #2
event_246_003,246,https://play.ttt.games/worlds/machi-saga/events/pZX3QTBnLp2WlK9YJSbiqBgY38yXF8PwTeDklft81jQ/checkin,ペタインパクト　MUGEN - 使い切りURL #3
event_246_004,246,https://play.ttt.games/worlds/machi-saga/events/FF2RjyUa6xOlnHTGN_Mx0I2GJ2ekt5HIbfSRLXlOLOo/checkin,ペタインパクト　MUGEN - 使い切りURL #4
event_246_005,246,https://play.ttt.games/worlds/machi-saga/events/QcVIdDQ80VDG64einslY0i019y8TKE-V_TQyYbYk9mE/checkin,ペタインパクト　MUGEN - 使い切りURL #5
event_246_006,246,https://play.ttt.games/worlds/machi-saga/events/Oj4j0awwFzacPxsCnPL5dX7pVkc3_sP51DQrjPZMCX4/checkin,ペタインパクト　MUGEN - 使い切りURL #6
event_246_007,246,https://play.ttt.games/worlds/machi-saga/events/IBKe6LJ29HdSzlTEvEAAkvt865snEDRLqgYqdTAGXas/checkin,ペタインパクト　MUGEN - 使い切りURL #7
event_246_008,246,https://play.ttt.games/worlds/machi-saga/events/KoLVVGrMX_eQodgpHcDoFh0mxlrVLaY_QK_NJ_hCnfo/checkin,ペタインパクト　MUGEN - 使い切りURL #8
event_246_009,246,https://play.ttt.games/worlds/machi-saga/events/37om2Nm75KRYRQWJuNlNWeXpMXAATPnlux5-hwAIQmY/checkin,ペタインパクト　MUGEN - 使い切りURL #9
event_246_010,246,https://play.ttt.games/worlds/machi-saga/events/tshu2MJIXSazsVzYWsdLG83KKlPbwRmx_dFpmQJUgjE/checkin,ペタインパクト　MUGEN - 使い切りURL #10
event_246_011,246,https://play.ttt.games/worlds/machi-saga/events/TaP_0KcLR1ldRpYFQuzFO4NfFkaW5g3wdOnE8WBHQnY/checkin,ペタインパクト　MUGEN - 使い切りURL #11
event_246_012,246,https://play.ttt.games/worlds/machi-saga/events/Bp1RIPWnRYPCREVTGXyrFAKL_xjYtWa7HpXrBm5i_BU/checkin,ペタインパクト　MUGEN - 使い切りURL #12
event_246_013,246,https://play.ttt.games/worlds/machi-saga/events/6AZ65rqMhbZiAHJp_VdXcrXAj2Z-1udvl-Kz0UB8lso/checkin,ペタインパクト　MUGEN - 使い切りURL #13
event_246_014,246,https://play.ttt.games/worlds/machi-saga/events/fZo7sMx2w8IFGpy25MhHYwL08MN_oXYzENOKiQhYBWY/checkin,ペタインパクト　MUGEN - 使い切りURL #14
event_246_015,246,https://play.ttt.games/worlds/machi-saga/events/d48PyUU1ldTGNYsDafVHO8WHarhE2tD1TvmTFFLHb24/checkin,ペタインパクト　MUGEN - 使い切りURL #15
event_246_016,246,https://play.ttt.games/worlds/machi-saga/events/SqFOCBwSs6XiF4LFnmO0lgWoX6gocNkfg31u8GqIwcE/checkin,ペタインパクト　MUGEN - 使い切りURL #16
event_246_017,246,https://play.ttt.games/worlds/machi-saga/events/MRdW0QiGIJK1_3GJlsvuHqSdUI9nG1yfFgZK74D7s8A/checkin,ペタインパクト　MUGEN - 使い切りURL #17
event_246_018,246,https://play.ttt.games/worlds/machi-saga/events/N-uhR61rUBwTLxSWSOl5SpD_7To8Bl4b9AVTp1qn2r8/checkin,ペタインパクト　MUGEN - 使い切りURL #18
event_246_019,246,https://play.ttt.games/worlds/machi-saga/events/Dh7OC-Im5FRkvc3RvNp4cfmmkEls3ExQnbF1HifgrLo/checkin,ペタインパクト　MUGEN - 使い切りURL #19
event_246_020,246,https://play.ttt.games/worlds/machi-saga/events/_mCfuvNaiOBsayUeNQnMnZlShTZiZ3RLo2p5yiqSwIA/checkin,ペタインパクト　MUGEN - 使い切りURL #20
event_246_021,246,https://play.ttt.games/worlds/machi-saga/events/u_9r_vB5Qy9-2wzO-7OndSI3LVPsm1REvVaNmP-1CrY/checkin,ペタインパクト　MUGEN - 使い切りURL #21
event_246_022,246,https://play.ttt.games/worlds/machi-saga/events/1Vpg8l1a-bsewfIV1WmLnFd-jTKyHY4YYuiVuunXsKE/checkin,ペタインパクト　MUGEN - 使い切りURL #22
event_246_023,246,https://play.ttt.games/worlds/machi-saga/events/9Vfog2jd4arJEpys3o3NrO5zO0Si3XymXmrrveL6TGs/checkin,ペタインパクト　MUGEN - 使い切りURL #23
event_246_024,246,https://play.ttt.games/worlds/machi-saga/events/v9Ma9J4b2gontIiekIaOJ54Ji38d-BQrUYYoUhzTu4M/checkin,ペタインパクト　MUGEN - 使い切りURL #24
event_246_025,246,https://play.ttt.games/worlds/machi-saga/events/o8zooFqE4XxM8FBcMLvfQlHUUITm8RzhC0wD2HHbRx0/checkin,ペタインパクト　MUGEN - 使い切りURL #25
event_246_026,246,https://play.ttt.games/worlds/machi-saga/events/MKpr6DnGSlb8vC8i-KYEaQxZaytggk65vkdO-gbVZ8s/checkin,ペタインパクト　MUGEN - 使い切りURL #26
event_246_027,246,https://play.ttt.games/worlds/machi-saga/events/KrX5tFU08dvG52UlyCAK5WLCB307HImCJcEXZbmmS-Q/checkin,ペタインパクト　MUGEN - 使い切りURL #27
event_246_028,246,https://play.ttt.games/worlds/machi-saga/events/nATFMKPNhGBk4mjq7PS8AHuOWRpWwy7Vq7XVc6hcbDQ/checkin,ペタインパクト　MUGEN - 使い切りURL #28
event_246_029,246,https://play.ttt.games/worlds/machi-saga/events/11U8GE2V9JsaP3w3IAr0EEAfg9yv7QABJiMq_IQghRc/checkin,ペタインパクト　MUGEN - 使い切りURL #29
event_246_030,246,https://play.ttt.games/worlds/machi-saga/events/PsruVGm_J6C45uFskxnFVR8uuC5LNs2oWZmA8kquU5g/checkin,ペタインパクト　MUGEN - 使い切りURL #30
event_246_031,246,https://play.ttt.games/worlds/machi-saga/events/X99nbBkxeMNoGZHQkJdt78eFD11XDrF8F-EqSIlWofc/checkin,ペタインパクト　MUGEN - 使い切りURL #31
event_246_032,246,https://play.ttt.games/worlds/machi-saga/events/2nv-9X-bz-sipaE9iYTSleO0CyRn_l4amvJX2wRJAhw/checkin,ペタインパクト　MUGEN - 使い切りURL #32
event_246_033,246,https://play.ttt.games/worlds/machi-saga/events/EzxP93vmgp430N16D-atXgK8Ug0CUe5C7Kp5UoFHJT0/checkin,ペタインパクト　MUGEN - 使い切りURL #33
event_246_034,246,https://play.ttt.games/worlds/machi-saga/events/cNc7gESab6Tb1mzucvRb3UIQ6I-wMGYCryJkpqNk0XQ/checkin,ペタインパクト　MUGEN - 使い切りURL #34
event_246_035,246,https://play.ttt.games/worlds/machi-saga/events/KAdyKmMUFPAqxu9O6CViHurYataHr7sLdmr3I4XYn6U/checkin,ペタインパクト　MUGEN - 使い切りURL #35
event_246_036,246,https://play.ttt.games/worlds/machi-saga/events/LeZ0NnpDCqD2l9kqFNOr40X37BMY2sEuSCDJB9hTwtw/checkin,ペタインパクト　MUGEN - 使い切りURL #36
event_246_037,246,https://play.ttt.games/worlds/machi-saga/events/G5mBFq9r2r0jSraniquxYKzPePVrZNOeeiWR5qK2Xrg/checkin,ペタインパクト　MUGEN - 使い切りURL #37
event_246_038,246,https://play.ttt.games/worlds/machi-saga/events/KUb5nlGG1H0yeJgJ9eRNrtCH39pG1Na0fQN9yr-NmTc/checkin,ペタインパクト　MUGEN - 使い切りURL #38
event_246_039,246,https://play.ttt.games/worlds/machi-saga/events/bt2thViSMSBSh-fkjxD4J2l2V4ghm4wLZr2jDuQch1Q/checkin,ペタインパクト　MUGEN - 使い切りURL #39
event_246_040,246,https://play.ttt.games/worlds/machi-saga/events/wpqSr33ILjyCIbdYBl9jzmcrZHVnLRswOSkjai5QS7o/checkin,ペタインパクト　MUGEN - 使い切りURL #40
event_246_041,246,https://play.ttt.games/worlds/machi-saga/events/2UULThdh4BwGGz9iIGBGLYl6m3WYYaKwK0yESilh7JM/checkin,ペタインパクト　MUGEN - 使い切りURL #41
event_246_042,246,https://play.ttt.games/worlds/machi-saga/events/gxHGHWOTmrKdR5jnF2gi-mXQXnwPojyolpnmqnLmGSU/checkin,ペタインパクト　MUGEN - 使い切りURL #42
event_246_043,246,https://play.ttt.games/worlds/machi-saga/events/Fhjz-HadMhqZ3iZVQ-wtH6AMFNKq4rEj6H7M8K45OIQ/checkin,ペタインパクト　MUGEN - 使い切りURL #43
event_246_044,246,https://play.ttt.games/worlds/machi-saga/events/-53eH-mfq9Pz-bBanwe_qnAsj6s5um0oNO-76rFGQ2E/checkin,ペタインパクト　MUGEN - 使い切りURL #44
event_246_045,246,https://play.ttt.games/worlds/machi-saga/events/kTmVPrc8WoB5b9wwgysJ0kRxJ5K5OCqt1cKvoPCMd6Q/checkin,ペタインパクト　MUGEN - 使い切りURL #45
event_246_046,246,https://play.ttt.games/worlds/machi-saga/events/j2Kl8MAoYVCILFu0HfAfxHfzeE6kbu05mJ10xChrXcg/checkin,ペタインパクト　MUGEN - 使い切りURL #46
event_246_047,246,https://play.ttt.games/worlds/machi-saga/events/XIP4ACPysnfcmKN2KrtVjMssynp5zyzfFfhU6EFNtX0/checkin,ペタインパクト　MUGEN - 使い切りURL #47
event_246_048,246,https://play.ttt.games/worlds/machi-saga/events/EXLC04rld2Jxv2pt_It3-iOHG8hJZOwpSxsapBWBdf8/checkin,ペタインパクト　MUGEN - 使い切りURL #48